{
    "rewards": [
        0.03076923079788685,
        0.04170040413737297,
        0.05002249404788017,
        0.057737454771995544,
        0.05671628192067146,
        0.0717390924692154,
        0.0730452761054039,
        0.0722479447722435,
        0.07395275682210922,
        0.07531660050153732,
        0.08375047147274017,
        0.0879763662815094,
        0.09809291362762451,
        0.10781290382146835,
        0.12657572329044342,
        0.13705597817897797,
        0.16041427850723267,
        0.19234411418437958,
        0.21873648464679718,
        0.25664404034614563,
        0.29403433203697205,
        0.3317980468273163,
        0.3686230778694153,
        0.4158148467540741,
        0.4630334973335266,
        0.5130648016929626,
        0.5597791075706482,
        0.5974278450012207,
        0.6458427309989929,
        0.6826267838478088,
        0.7217127084732056,
        0.7660007476806641,
        0.8068523406982422,
        0.8376194834709167,
        0.86184161901474,
        0.8822857141494751,
        0.9014932513237,
        0.9229061007499695,
        0.9353196024894714,
        0.9479665160179138,
        0.9542437791824341,
        0.9598184823989868,
        0.9603822827339172,
        0.9625555872917175,
        0.962709367275238,
        0.9657668471336365,
        0.9675455093383789,
        0.9687860608100891,
        0.9724014401435852,
        0.9747787714004517
    ],
    "losses": {
        "loss": [
            -0.1260652095079422,
            -0.12999075651168823,
            -0.13527707755565643,
            -0.13943426311016083,
            -0.14300857484340668,
            -0.1447555124759674,
            -0.14704155921936035,
            -0.14960305392742157,
            -0.1514405757188797,
            -0.15217138826847076,
            -0.156015083193779,
            -0.15929508209228516,
            -0.16138967871665955,
            -0.16263063251972198,
            -0.16354186832904816,
            -0.1658349186182022,
            -0.16626985371112823,
            -0.1654970794916153,
            -0.1646101176738739,
            -0.1644207090139389,
            -0.16262950003147125,
            -0.15941765904426575,
            -0.1566610485315323,
            -0.15595121681690216,
            -0.15156550705432892,
            -0.14740292727947235,
            -0.14062999188899994,
            -0.1372155398130417,
            -0.13040828704833984,
            -0.1252785623073578,
            -0.12139187008142471,
            -0.11498184502124786,
            -0.10979818552732468,
            -0.10157211869955063,
            -0.09708627313375473,
            -0.09052469581365585,
            -0.08649661391973495,
            -0.07985105365514755,
            -0.07790729403495789,
            -0.07501798123121262,
            -0.06830473244190216,
            -0.06732302904129028,
            -0.06497623771429062,
            -0.06438992917537689,
            -0.06435658782720566,
            -0.06270942091941833,
            -0.06110222265124321,
            -0.05973345786333084,
            -0.05535238981246948,
            -0.05294279381632805
        ],
        "value_loss": [
            0.026394382119178772,
            0.025529086589813232,
            0.022200852632522583,
            0.020757503807544708,
            0.01920078881084919,
            0.018942303955554962,
            0.017739804461598396,
            0.016670430079102516,
            0.016287624835968018,
            0.015961339697241783,
            0.014557725749909878,
            0.013291383162140846,
            0.012973709963262081,
            0.012572161853313446,
            0.012485059909522533,
            0.011132795363664627,
            0.010884094052016735,
            0.010774760507047176,
            0.010123714804649353,
            0.009326502680778503,
            0.008746512234210968,
            0.008407562039792538,
            0.007589854300022125,
            0.006403449922800064,
            0.005546701140701771,
            0.005160878878086805,
            0.004714311100542545,
            0.003933889791369438,
            0.0036128617357462645,
            0.0031353184022009373,
            0.0024983598850667477,
            0.001977616921067238,
            0.001567193539813161,
            0.0015188634861260653,
            0.0011716008884832263,
            0.0011515977093949914,
            0.0007991092279553413,
            0.0007744176546111703,
            0.0004312616365496069,
            0.00040843631722964346,
            0.0009591951966285706,
            0.0006233150488696992,
            0.0006202164222486317,
            0.0006170644774101675,
            0.0006169624393805861,
            0.0006124934297986329,
            0.0006094907294027507,
            0.0006075719720683992,
            0.0006010457291267812,
            0.000598453392740339
        ],
        "entropy_loss": [
            -2.889756679534912,
            -2.887927293777466,
            -2.8853671550750732,
            -2.8815512657165527,
            -2.879260540008545,
            -2.8760735988616943,
            -2.8731272220611572,
            -2.869534730911255,
            -2.866551399230957,
            -2.8632442951202393,
            -2.856192111968994,
            -2.847499132156372,
            -2.836451292037964,
            -2.8239521980285645,
            -2.80661940574646,
            -2.783912181854248,
            -2.7536606788635254,
            -2.717174530029297,
            -2.671581745147705,
            -2.617995262145996,
            -2.5551986694335938,
            -2.496081590652466,
            -2.4281678199768066,
            -2.338200330734253,
            -2.23876690864563,
            -2.125809669494629,
            -2.0168955326080322,
            -1.910731315612793,
            -1.8041324615478516,
            -1.694771409034729,
            -1.5832598209381104,
            -1.4557321071624756,
            -1.3213036060333252,
            -1.2018321752548218,
            -1.0969310998916626,
            -1.0055736303329468,
            -0.9052824974060059,
            -0.8075702786445618,
            -0.7319374084472656,
            -0.662775993347168,
            -0.6146156191825867,
            -0.5660187602043152,
            -0.5458154082298279,
            -0.5272195339202881,
            -0.5092167258262634,
            -0.48142656683921814,
            -0.460830420255661,
            -0.43580713868141174,
            -0.39749157428741455,
            -0.3713391423225403
        ],